{"cameraMode":{"drawMode":0,"name":"Shaded","section":"Shading Mode"},"sceneLighting":true,"audioPlay":false,"sceneViewState":{"m_AlwaysRefresh":false,"showFog":true,"showSkybox":true,"showFlares":true,"showImageEffects":true,"showParticleSystems":true,"showVisualEffectGraphs":true,"m_FxEnabled":true},"in2DMode":false,"pivot":{"x":-4.361023902893066,"y":1.3092190027236939,"z":-5.410795211791992},"rotation":{"x":0.01467982493340969,"y":-0.03570764139294624,"z":-0.0005266800872050226,"w":-0.9992614984512329},"size":1.2641148567199708,"orthographic":false}