{"cameraMode":{"drawMode":0,"name":"Shaded","section":"Shading Mode"},"sceneLighting":true,"audioPlay":false,"sceneViewState":{"m_AlwaysRefresh":false,"showFog":true,"showSkybox":true,"showFlares":true,"showImageEffects":true,"showParticleSystems":true,"showVisualEffectGraphs":true,"m_FxEnabled":true},"in2DMode":false,"pivot":{"x":-50.007347106933597,"y":-0.08415155112743378,"z":-3.238218307495117},"rotation":{"x":-0.3390141725540161,"y":0.10888152569532395,"z":-0.039539989084005359,"w":-0.9336288571357727},"size":11.495247840881348,"orthographic":false}