{
    "colors": [
        {
            "r": 0.501960813999176,
            "g": 0.501960813999176,
            "b": 0.501960813999176,
            "a": 1.0
        },
        {
            "r": 0.501960813999176,
            "g": 0.501960813999176,
            "b": 0.501960813999176,
            "a": 1.0
        },
        {
            "r": 0.501960813999176,
            "g": 0.501960813999176,
            "b": 0.501960813999176,
            "a": 1.0
        },
        {
            "r": 0.0,
            "g": 0.0,
            "b": 0.0,
            "a": 1.0
        }
    ]
}